date,kaf
1921-10-31,55.7826043
1921-11-30,49.23920144
1921-12-31,77.24940874
1922-01-31,57.87735721
1922-02-28,178.294082
1922-03-31,160.2272897
1922-04-30,318.916119
1922-05-31,307.8012991
1922-06-30,457.6110853
1922-07-31,133.3101519
1922-08-31,63.49163573
1922-09-30,102.4656123
1922-10-31,69.2006043
1922-11-30,65.98020144
1922-12-31,132.9844087
1923-01-31,221.6583572
1923-02-28,180.538082
1923-03-31,38.11894051
1923-04-30,268.416527
1923-05-31,189.1414677
1923-06-30,99.5892638
1923-07-31,36.80685923
1923-08-31,2.9325
1923-09-30,3.635
1923-10-31,3.3125
1923-11-30,54.11407612
1923-12-31,42.97643313
1924-01-31,34.64369867
1924-02-29,60.04816127
1924-03-31,25.44972589
1924-04-30,34.53455196
1924-05-31,66.78823205
1924-06-30,58.3141463
1924-07-31,25.68602529
1924-08-31,61.71260977
1924-09-30,24.71724608
1924-10-31,45.7596043
1924-11-30,47.91350295
1924-12-31,40.30540874
1925-01-31,33.20235721
1925-02-28,77.10908201
1925-03-31,21.515
1925-04-30,227.0014829
1925-05-31,140.1006706
1925-06-30,29.19662438
1925-07-31,2.8975
1925-08-31,1.9325
1925-09-30,2.635
1925-10-31,3.65
1925-11-30,51.65720144
1925-12-31,42.87040874
1926-01-31,34.37935721
1926-02-28,71.17108201
1926-03-31,35.05320085
1926-04-30,149.6150033
1926-05-31,135.4446706
1926-06-30,72.51834633
1926-07-31,1.8975
1926-08-31,1.9325
1926-09-30,61.76754429
1926-10-31,55.8246043
1926-11-30,68.37320144
1926-12-31,54.00351044
1927-01-31,44.67735721
1927-02-28,140.662082
1927-03-31,36.515
1927-04-30,89.04987547
1927-05-31,21.7225
1927-06-30,12.9475
1927-07-31,4.8975
1927-08-31,2.9325
1927-09-30,2.635
1927-10-31,4.65
1927-11-30,73.80320144
1927-12-31,52.46840874
1928-01-31,48.14735721
1928-02-29,26.19292941
1928-03-31,41.515
1928-04-30,187.6370101
1928-05-31,219.9084941
1928-06-30,27.50251706
1928-07-31,35.34539581
1928-08-31,1.9325
1928-09-30,2.635
1928-10-31,2.65
1928-11-30,4.4975
1928-12-31,44.02140874
1929-01-31,36.13635721
1929-02-28,63.99408201
1929-03-31,51.79752778
1929-04-30,84.80809254
1929-05-31,124.4059821
1929-06-30,49.60123812
1929-07-31,26.10698118
1929-08-31,61.71651042
1929-09-30,7.34252764
1929-10-31,44.3066043
1929-11-30,46.25220144
1929-12-31,36.04240874
1930-01-31,42.28135721
1930-02-28,70.23808201
1930-03-31,33.44048368
1930-04-30,148.6355706
1930-05-31,117.841966
1930-06-30,27.50251706
1930-07-31,1.8975
1930-08-31,10.78991425
1930-09-30,2.635
1930-10-31,2.3125
1930-11-30,44.79504296
1930-12-31,37.16243313
1931-01-31,35.52869867
1931-02-28,67.51457442
1931-03-31,31.96207354
1931-04-30,3.9575
1931-05-31,13.70258235
1931-06-30,2.79125
1931-07-31,1.74125
1931-08-31,1.76375
1931-09-30,2.30375
1931-10-31,2.3125
1931-11-30,39.21770144
1931-12-31,90.92743313
1932-01-31,65.33669867
1932-02-29,166.0821613
1932-03-31,29.48375
1932-04-30,130.2418234
1932-05-31,93.85758235
1932-06-30,15.79125
1932-07-31,5.74125
1932-08-31,1.76375
1932-09-30,2.30375
1932-10-31,2.3125
1932-11-30,43.06207612
1932-12-31,33.03243313
1933-01-31,39.13369867
1933-02-28,65.75816127
1933-03-31,79.78936463
1933-04-30,81.30902427
1933-05-31,127.6552321
1933-06-30,35.08156118
1933-07-31,26.68602529
1933-08-31,1.76375
1933-09-30,2.30375
1933-10-31,2.3125
1933-11-30,41.95707612
1933-12-31,40.82943313
1934-01-31,36.59069867
1934-02-28,70.44716127
1934-03-31,32.91152852
1934-04-30,49.64655196
1934-05-31,80.28823205
1934-06-30,47.18129288
1934-07-31,26.23602529
1934-08-31,18.76468294
1934-09-30,21.66806387
1934-10-31,2.65
1934-11-30,45.08450295
1934-12-31,42.36540874
1935-01-31,75.80335721
1935-02-28,74.41708201
1935-03-31,50.24450711
1935-04-30,199.3847512
1935-05-31,37.7225
1935-06-30,20.9475
1935-07-31,6.8975
1935-08-31,2.9325
1935-09-30,2.635
1935-10-31,3.65
1935-11-30,50.08250295
1935-12-31,39.60940874
1936-01-31,19.75908733
1936-02-29,212.4514609
1936-03-31,95.08121627
1936-04-30,203.4408267
1936-05-31,39.28567059
1936-06-30,15.9475
1936-07-31,4.8975
1936-08-31,2.9325
1936-09-30,2.635
1936-10-31,3.65
1936-11-30,54.06350295
1936-12-31,45.88440874
1937-01-31,89.16035721
1937-02-28,468.8894044
1937-03-31,289.0301677
1937-04-30,251.313095
1937-05-31,37.7225
1937-06-30,19.9475
1937-07-31,6.8975
1937-08-31,2.9325
1937-09-30,100.8197586
1937-10-31,66.6616043
1937-11-30,66.68650295
1937-12-31,295.7840444
1938-01-31,233.9383572
1938-02-28,542.7296251
1938-03-31,851.124332
1938-04-30,524.2201751
1938-05-31,440.3328913
1938-06-30,180.4779819
1938-07-31,123.4441954
1938-08-31,5.9325
1938-09-30,4.635
1938-10-31,6.65
1938-11-30,73.91450295
1938-12-31,47.07440874
1939-01-31,39.36635721
1939-02-28,70.77108201
1939-03-31,72.37496149
1939-04-30,204.6106687
1939-05-31,131.1006706
1939-06-30,78.87054145
1939-07-31,26.10698118
1939-08-31,1.9325
1939-09-30,100.5778074
1939-10-31,62.3466043
1939-11-30,50.54950295
1939-12-31,39.61540874
1940-01-31,119.9943572
1940-02-29,131.586082
1940-03-31,82.38932565
1940-04-30,114.3401194
1940-05-31,25.7225
1940-06-30,9.9475
1940-07-31,3.8975
1940-08-31,1.9325
1940-09-30,32.11690491
1940-10-31,69.7416043
1940-11-30,58.02250295
1940-12-31,137.9084087
1941-01-31,174.2373572
1941-02-28,436.4737571
1941-03-31,186.2274059
1941-04-30,272.440656
1941-05-31,38.7225
1941-06-30,25.9475
1941-07-31,10.8975
1941-08-31,4.9325
1941-09-30,22.30938783
1941-10-31,80.4189108
1941-11-30,73.21150295
1941-12-31,132.6894087
1942-01-31,305.9866544
1942-02-28,193.2328202
1942-03-31,87.55401886
1942-04-30,134.830534
1942-05-31,31.7225
1942-06-30,17.9475
1942-07-31,8.8975
1942-08-31,2.9325
1942-09-30,101.8246367
1942-10-31,75.5256043
1942-11-30,78.96750295
1942-12-31,69.14840874
1943-01-31,351.6766558
1943-02-28,224.0016393
1943-03-31,392.9587421
1943-04-30,202.1975828
1943-05-31,234.5678853
1943-06-30,37.09598218
1943-07-31,39.66832264
1943-08-31,2.9325
1943-09-30,2.635
1943-10-31,3.65
1943-11-30,68.87350295
1943-12-31,50.01740874
1944-01-31,44.92535721
1944-02-29,78.76108201
1944-03-31,41.00333367
1944-04-30,271.2775668
1944-05-31,137.7875303
1944-06-30,85.15054145
1944-07-31,2.8975
1944-08-31,1.9325
1944-09-30,8.970820322
1944-10-31,12.27564353
1944-11-30,62.75050295
1944-12-31,53.46740874
1945-01-31,44.56235721
1945-02-28,341.0761339
1945-03-31,231.4858961
1945-04-30,84.88892197
1945-05-31,21.7225
1945-06-30,13.9475
1945-07-31,4.8975
1945-08-31,1.9325
1945-09-30,101.3456123
1945-10-31,77.73793519
1945-11-30,67.84350295
1945-12-31,225.4972151
1946-01-31,204.6503572
1946-02-28,186.9243124
1946-03-31,157.7004665
1946-04-30,180.7523228
1946-05-31,163.0496706
1946-06-30,70.61701413
1946-07-31,2.8975
1946-08-31,1.9325
1946-09-30,32.73851761
1946-10-31,3.65
1946-11-30,68.51850295
1946-12-31,90.44340874
1947-01-31,56.03135721
1947-02-28,88.05108201
1947-03-31,39.92061948
1947-04-30,151.5587288
1947-05-31,189.0180486
1947-06-30,77.61005364
1947-07-31,34.16563971
1947-08-31,1.9325
1947-09-30,44.07285908
1947-10-31,59.4126043
1947-11-30,51.09850295
1947-12-31,42.73040874
1948-01-31,38.24135721
1948-02-29,65.21808201
1948-03-31,46.08393043
1948-04-30,228.5514829
1948-05-31,144.2297149
1948-06-30,89.08785852
1948-07-31,3.8975
1948-08-31,1.9325
1948-09-30,8.161465947
1948-10-31,38.07819519
1948-11-30,52.88950295
1948-12-31,44.74240874
1949-01-31,36.92035721
1949-02-28,70.18808201
1949-03-31,34.59049765
1949-04-30,133.6408828
1949-05-31,15.7225
1949-06-30,7.9475
1949-07-31,2.8975
1949-08-31,1.9325
1949-09-30,72.94119942
1949-10-31,2.65
1949-11-30,54.33750295
1949-12-31,45.07140874
1950-01-31,46.18635721
1950-02-28,77.37308201
1950-03-31,11.515
1950-04-30,17.445
1950-05-31,12.7225
1950-06-30,5.9475
1950-07-31,2.8975
1950-08-31,1.9325
1950-09-30,2.635
1950-10-31,2.65
1950-11-30,67.02336889
1950-12-31,136.7495136
1951-01-31,132.193841
1951-02-28,46.32165592
1951-03-31,67.73742223
1951-04-30,129.3121453
1951-05-31,15.7225
1951-06-30,5.9475
1951-07-31,2.8975
1951-08-31,1.9325
1951-09-30,99.8968318
1951-10-31,55.1886043
1951-11-30,49.05550295
1951-12-31,62.49840874
1952-01-31,243.2323572
1952-02-29,134.135082
1952-03-31,279.4672195
1952-04-30,277.3940706
1952-05-31,131.6016077
1952-06-30,14.9475
1952-07-31,8.8975
1952-08-31,2.9325
1952-09-30,102.3104903
1952-10-31,71.3156043
1952-11-30,66.42650295
1952-12-31,56.71940874
1953-01-31,130.6763572
1953-02-28,152.176082
1953-03-31,22.65056657
1953-04-30,241.4818079
1953-05-31,172.0130109
1953-06-30,80.8451756
1953-07-31,3.8975
1953-08-31,1.9325
1953-09-30,100.041222
1953-10-31,61.2726043
1953-11-30,53.44150295
1953-12-31,45.20640874
1954-01-31,42.78835721
1954-02-28,73.02008201
1954-03-31,27.515
1954-04-30,128.2916902
1954-05-31,143.3297891
1954-06-30,77.82468779
1954-07-31,2.8975
1954-08-31,1.9325
1954-09-30,2.635
1954-10-31,2.65
1954-11-30,46.69650295
1954-12-31,46.34440874
1955-01-31,53.96335721
1955-02-28,67.04208201
1955-03-31,12.69595118
1955-04-30,11.445
1955-05-31,16.7225
1955-06-30,6.9475
1955-07-31,2.8975
1955-08-31,1.9325
1955-09-30,7.965942274
1955-10-31,38.86916066
1955-11-30,50.16020144
1955-12-31,385.6835104
1956-01-31,475.48259
1956-02-29,246.1176729
1956-03-31,175.7807127
1956-04-30,231.0960205
1956-05-31,26.7225
1956-06-30,9.9475
1956-07-31,3.8975
1956-08-31,1.9325
1956-09-30,31.79298417
1956-10-31,74.2556043
1956-11-30,59.85050295
1956-12-31,43.10240874
1957-01-31,38.24335721
1957-02-28,65.81208201
1957-03-31,17.515
1957-04-30,232.5267346
1957-05-31,139.1006706
1957-06-30,8.9475
1957-07-31,2.8975
1957-08-31,1.9325
1957-09-30,102.6714659
1957-10-31,68.8436043
1957-11-30,55.70920144
1957-12-31,48.43140874
1958-01-31,43.68135721
1958-02-28,97.41808201
1958-03-31,300.5083898
1958-04-30,440.3064829
1958-05-31,76.38661857
1958-06-30,13.9475
1958-07-31,7.8975
1958-08-31,3.9325
1958-09-30,108.7924416
1958-10-31,73.2476043
1958-11-30,55.47550295
1958-12-31,50.43040874
1959-01-31,45.94335721
1959-02-28,88.76308201
1959-03-31,87.0506488
1959-04-30,195.6514829
1959-05-31,181.1499821
1959-06-30,77.32322438
1959-07-31,35.44271288
1959-08-31,105.8881477
1959-09-30,10.00049034
1959-10-31,54.4316043
1959-11-30,52.23820144
1959-12-31,44.20740874
1960-01-31,38.66035721
1960-02-29,72.02608201
1960-03-31,52.90951906
1960-04-30,114.1345732
1960-05-31,128.1006706
1960-06-30,77.48907803
1960-07-31,30.97856654
1960-08-31,1.9325
1960-09-30,96.01396908
1960-10-31,2.65
1960-11-30,49.29920144
1960-12-31,45.62840874
1961-01-31,38.44835721
1961-02-28,71.63108201
1961-03-31,90.4632897
1961-04-30,99.88911903
1961-05-31,123.1006706
1961-06-30,92.32586497
1961-07-31,31.83710313
1961-08-31,4.492493586
1961-09-30,8.795612288
1961-10-31,37.4176043
1961-11-30,44.50320144
1961-12-31,43.37940874
1962-01-31,36.68035721
1962-02-28,190.623082
1962-03-31,49.69595118
1962-04-30,58.77377791
1962-05-31,13.7225
1962-06-30,9.9475
1962-07-31,3.8975
1962-08-31,1.9325
1962-09-30,109.3099691
1962-10-31,58.5356043
1962-11-30,53.00320144
1962-12-31,43.45940874
1963-01-31,52.16335721
1963-02-28,101.937082
1963-03-31,26.26446311
1963-04-30,116.5671194
1963-05-31,30.7225
1963-06-30,12.9475
1963-07-31,5.8975
1963-08-31,2.9325
1963-09-30,2.635
1963-10-31,3.65
1963-11-30,66.39650295
1963-12-31,46.37340874
1964-01-31,43.75635721
1964-02-29,64.12435127
1964-03-31,12.23860012
1964-04-30,12.445
1964-05-31,10.7225
1964-06-30,5.9475
1964-07-31,2.8975
1964-08-31,1.9325
1964-09-30,2.635
1964-10-31,2.65
1964-11-30,55.74420144
1964-12-31,87.07440874
1965-01-31,290.9164723
1965-02-28,110.1478549
1965-03-31,26.12375605
1965-04-30,122.1944364
1965-05-31,20.7225
1965-06-30,11.9475
1965-07-31,4.8975
1965-08-31,2.9325
1965-09-30,3.635
1965-10-31,3.65
1965-11-30,113.7202014
1965-12-31,185.7954087
1966-01-31,114.6843572
1966-02-28,134.4003902
1966-03-31,35.38984874
1966-04-30,130.7152729
1966-05-31,129.1006706
1966-06-30,3.9475
1966-07-31,2.8975
1966-08-31,1.9325
1966-09-30,12.68220815
1966-10-31,52.0126043
1966-11-30,47.99220144
1966-12-31,87.30840874
1967-01-31,59.94835721
1967-02-28,79.07808201
1967-03-31,105.4828285
1967-04-30,547.7654477
1967-05-31,230.7312479
1967-06-30,76.13477389
1967-07-31,10.8975
1967-08-31,3.9325
1967-09-30,103.1121977
1967-10-31,83.50452056
1967-11-30,47.86850295
1967-12-31,45.57140874
1968-01-31,42.62835721
1968-02-29,72.18308201
1968-03-31,14.69595118
1968-04-30,196.1014829
1968-05-31,7.7225
1968-06-30,3.9475
1968-07-31,1.8975
1968-08-31,1.9325
1968-09-30,94.77097814
1968-10-31,56.9946043
1968-11-30,51.24550295
1968-12-31,55.62840874
1969-01-31,464.7753572
1969-02-28,744.3417415
1969-03-31,611.5431988
1969-04-30,549.7297534
1969-05-31,552.1916342
1969-06-30,142.7712914
1969-07-31,9.8975
1969-08-31,3.9325
1969-09-30,162.1515161
1969-10-31,109.7571295
1969-11-30,63.03920144
1969-12-31,121.0825104
1970-01-31,338.5149637
1970-02-28,238.9243124
1970-03-31,173.5588033
1970-04-30,215.9192887
1970-05-31,131.1006706
1970-06-30,7.9475
1970-07-31,2.8975
1970-08-31,1.9325
1970-09-30,99.81975863
1970-10-31,64.8876043
1970-11-30,48.84420144
1970-12-31,59.03940874
1971-01-31,50.86635721
1971-02-28,62.70408201
1971-03-31,42.93264682
1971-04-30,232.3556494
1971-05-31,132.1006706
1971-06-30,82.05688291
1971-07-31,2.8975
1971-08-31,1.9325
1971-09-30,10.61414887
1971-10-31,30.05037218
1971-11-30,50.89220144
1971-12-31,44.07040874
1972-01-31,41.04982062
1972-02-29,67.19708201
1972-03-31,8.515
1972-04-30,45.38197075
1972-05-31,6.7225
1972-06-30,3.9475
1972-07-31,1.8975
1972-08-31,1.9325
1972-09-30,34.96929123
1972-10-31,54.3576043
1972-11-30,54.36250295
1972-12-31,46.60340874
1973-01-31,55.66335721
1973-02-28,164.995082
1973-03-31,83.515
1973-04-30,88.2002901
1973-05-31,20.7225
1973-06-30,8.9475
1973-07-31,2.8975
1973-08-31,1.9325
1973-09-30,86.90710504
1973-10-31,61.46064791
1973-11-30,88.53920144
1973-12-31,180.4155104
1974-01-31,189.7226785
1974-02-28,46.63882018
1974-03-31,154.039355
1974-04-30,207.9064536
1974-05-31,18.7225
1974-06-30,7.9475
1974-07-31,2.8975
1974-08-31,1.9325
1974-09-30,103.5817098
1974-10-31,77.8589108
1974-11-30,60.80220144
1974-12-31,52.41540874
1975-01-31,41.73035721
1975-02-28,197.6033368
1975-03-31,195.472005
1975-04-30,289.103119
1975-05-31,149.6586706
1975-06-30,59.53051706
1975-07-31,28.65698118
1975-08-31,1.9325
1975-09-30,2.635
1975-10-31,3.65
1975-11-30,66.68093921
1975-12-31,45.07240874
1976-01-31,38.82335721
1976-02-29,60.20108201
1976-03-31,76.0212897
1976-04-30,74.50341171
1976-05-31,117.8679821
1976-06-30,45.48988234
1976-07-31,44.13597809
1976-08-31,38.66577632
1976-09-30,71.70332307
1976-10-31,18.35324337
1976-11-30,47.05670144
1976-12-31,41.03743313
1977-01-31,34.81269867
1977-02-28,64.52218566
1977-03-31,5.36176
1977-04-30,51.6921861
1977-05-31,75.42123205
1977-06-30,26.08156118
1977-07-31,25.68602529
1977-08-31,58.82956514
1977-09-30,23.5012346
1977-10-31,38.5456043
1977-11-30,32.06420144
1977-12-31,41.51140874
1978-01-31,108.8943572
1978-02-28,340.494082
1978-03-31,403.1844158
1978-04-30,524.4977406
1978-05-31,95.64571007
1978-06-30,14.9475
1978-07-31,5.8975
1978-08-31,2.9325
1978-09-30,3.635
1978-10-31,3.2
1978-11-30,51.83241233
1978-12-31,46.48640874
1979-01-31,125.3593572
1979-02-28,207.7182924
1979-03-31,114.1453568
1979-04-30,78.20950961
1979-05-31,18.7225
1979-06-30,7.9475
1979-07-31,3.8975
1979-08-31,1.9325
1979-09-30,10.63521057
1979-10-31,52.82379722
1979-11-30,50.75420144
1979-12-31,39.09040874
1980-01-31,403.7906492
1980-02-29,445.7386683
1980-03-31,429.6311219
1980-04-30,260.9233707
1980-05-31,141.3649215
1980-06-30,10.9475
1980-07-31,4.8975
1980-08-31,1.9325
1980-09-30,15.77512448
1980-10-31,74.86769129
1980-11-30,64.83250295
1980-12-31,45.56240874
1981-01-31,48.44235721
1981-02-28,56.62808201
1981-03-31,20.26517794
1981-04-30,48.9176732
1981-05-31,5.7225
1981-06-30,2.9475
1981-07-31,2.8975
1981-08-31,1.9325
1981-09-30,101.2275635
1981-10-31,66.7666043
1981-11-30,50.04550295
1981-12-31,48.68740874
1982-01-31,113.2223572
1982-02-28,234.9228681
1982-03-31,252.0460949
1982-04-30,714.9574253
1982-05-31,346.3733148
1982-06-30,11.9475
1982-07-31,6.8975
1982-08-31,3.9325
1982-09-30,169.6917098
1982-10-31,185.1937035
1982-11-30,374.3058679
1982-12-31,618.6342936
1983-01-31,689.5243191
1983-02-28,828.0781365
1983-03-31,1211.000851
1983-04-30,741.8459539
1983-05-31,707.7960862
1983-06-30,254.2779503
1983-07-31,14.25828704
1983-08-31,4.9325
1983-09-30,217.6917098
1983-10-31,127.2077544
1983-11-30,394.7150822
1983-12-31,496.0972141
1984-01-31,423.1007442
1984-02-29,203.7488444
1984-03-31,152.3681515
1984-04-30,186.0841609
1984-05-31,127.1006706
1984-06-30,42.65971447
1984-07-31,2.8975
1984-08-31,2.9325
1984-09-30,2.635
1984-10-31,3.65
1984-11-30,52.85920144
1984-12-31,42.64240874
1985-01-31,42.38135721
1985-02-28,82.71908201
1985-03-31,19.515
1985-04-30,13.445
1985-05-31,5.7225
1985-06-30,3.9475
1985-07-31,1.8975
1985-08-31,1.9325
1985-09-30,10.56008862
1985-10-31,58.50054154
1985-11-30,56.06650295
1985-12-31,49.88840874
1986-01-31,41.68935721
1986-02-28,400.6387469
1986-03-31,509.8132407
1986-04-30,380.1081433
1986-05-31,360.1826706
1986-06-30,199.2659967
1986-07-31,33.63027386
1986-08-31,1.9325
1986-09-30,2.635
1986-10-31,3.65
1986-11-30,60.80850295
1986-12-31,51.04840874
1987-01-31,39.19735721
1987-02-28,60.96308201
1987-03-31,74.53451453
1987-04-30,85.01041171
1987-05-31,124.5639821
1987-06-30,60.0848963
1987-07-31,30.75905435
1987-08-31,81.29494732
1987-09-30,76.24770393
1987-10-31,33.6530783
1987-11-30,46.10320144
1987-12-31,42.36840874
1988-01-31,37.73835721
1988-02-29,64.83108201
1988-03-31,12.00461112
1988-04-30,42.48841171
1988-05-31,72.63198205
1988-06-30,62.1548963
1988-07-31,25.10698118
1988-08-31,61.08724212
1988-09-30,26.75196088
1988-10-31,40.4406043
1988-11-30,38.44720144
1988-12-31,42.15040874
1989-01-31,34.20735721
1989-02-28,76.57108201
1989-03-31,15.515
1989-04-30,111.604119
1989-05-31,13.28567059
1989-06-30,25.50251706
1989-07-31,32.7044202
1989-08-31,3.721034865
1989-09-30,2.635
1989-10-31,2.65
1989-11-30,44.80320144
1989-12-31,39.98840874
1990-01-31,34.76235721
1990-02-28,74.54208201
1990-03-31,48.55171492
1990-04-30,10.43148294
1990-05-31,38.25505166
1990-06-30,25.50251706
1990-07-31,26.10698118
1990-08-31,39.91677632
1990-09-30,3.185
1990-10-31,10.93566756
1990-11-30,49.99170144
1990-12-31,37.08151044
1991-01-31,35.53369867
1991-02-28,73.08290411
1991-03-31,60.25177707
1991-04-30,112.192869
1991-05-31,28.50389078
1991-06-30,28.08156118
1991-07-31,27.23602529
1991-08-31,19.76468294
1991-09-30,2.30375
1991-10-31,2.3125
1991-11-30,43.41470144
1991-12-31,35.22551044
1992-01-31,35.00669867
1992-02-29,71.89116127
1992-03-31,54.01651875
1992-04-30,87.79182339
1992-05-31,85.86231692
1992-06-30,25.08156118
1992-07-31,3.74125
1992-08-31,1.76375
1992-09-30,29.65617118
1992-10-31,2.65
1992-11-30,32.79920144
1992-12-31,39.08140874
1993-01-31,170.5453572
1993-02-28,108.540082
1993-03-31,58.515
1993-04-30,161.1698976
1993-05-31,16.7225
1993-06-30,12.9475
1993-07-31,6.8975
1993-08-31,3.9325
1993-09-30,2.635
1993-10-31,4.3125
1993-11-30,57.58670144
1993-12-31,41.15643313
1994-01-31,32.76969867
1994-02-28,71.98416127
1994-03-31,30.32303417
1994-04-30,127.3957699
1994-05-31,59.39190571
1994-06-30,3.79125
1994-07-31,1.74125
1994-08-31,2.76375
1994-09-30,85.77660852
1994-10-31,33.0826043
1994-11-30,35.39820144
1994-12-31,35.26951044
1995-01-31,142.3903572
1995-02-28,175.550082
1995-03-31,362.6416555
1995-04-30,365.0430706
1995-05-31,166.6397898
1995-06-30,13.9475
1995-07-31,4.8975
1995-08-31,2.9325
1995-09-30,115.0359691
1995-10-31,19.50988686
1995-11-30,59.57620144
1995-12-31,45.53740874
1996-01-31,85.11935721
1996-02-29,247.3004716
1996-03-31,198.0413718
1996-04-30,85.46302181
1996-05-31,23.36811103
1996-06-30,6.9475
1996-07-31,5.8975
1996-08-31,3.9325
1996-09-30,104.5817098
1996-10-31,74.1376043
1996-11-30,131.0812014
1996-12-31,474.8488862
1997-01-31,1157.504683
1997-02-28,518.5685547
1997-03-31,178.9214551
1997-04-30,220.4274829
1997-05-31,147.2593757
1997-06-30,3.9475
1997-07-31,2.8975
1997-08-31,1.9325
1997-09-30,15.02057642
1997-10-31,37.40030216
1997-11-30,52.59620144
1997-12-31,42.97540874
1998-01-31,155.5033572
1998-02-28,452.3184966
1998-03-31,270.1543722
1998-04-30,475.8967998
1998-05-31,612.9379588
1998-06-30,504.2995171
1998-07-31,33.10698118
1998-08-31,2.9325
1998-09-30,158.6151554
1998-10-31,82.95452056
1998-11-30,76.68720144
1998-12-31,103.5835104
1999-01-31,227.3874198
1999-02-28,217.7298462
1999-03-31,178.3884551
1999-04-30,133.3021199
1999-05-31,13.7225
1999-06-30,6.9475
1999-07-31,2.8975
1999-08-31,2.9325
1999-09-30,13.87756351
1999-10-31,51.3496043
1999-11-30,47.22820144
1999-12-31,39.41651044
2000-01-31,49.33435721
2000-02-29,276.9186872
2000-03-31,212.3644551
2000-04-30,219.3407586
2000-05-31,153.7746706
2000-06-30,82.31712681
2000-07-31,33.06149337
2000-08-31,2.9325
2000-09-30,3.635
2000-10-31,4.65
2000-11-30,50.70150295
2000-12-31,40.70540874
2001-01-31,39.14735721
2001-02-28,65.73608201
2001-03-31,49.54712317
2001-04-30,157.840119
2001-05-31,174.5440642
2001-06-30,75.83346828
2001-07-31,32.9539324
2001-08-31,2.9325
2001-09-30,94.82951473
2001-10-31,44.6586043
2001-11-30,44.38150295
2001-12-31,54.37840874
2002-01-31,49.31235721
2002-02-28,70.24208201
2002-03-31,19.29621335
2002-04-30,159.244973
2002-05-31,79.96784146
2002-06-30,2.9475
2002-07-31,2.8975
2002-08-31,2.9325
2002-09-30,11.11756351
2002-10-31,43.8036043
2002-11-30,43.07520144
2002-12-31,50.86840874
2003-01-31,38.32035721
2003-02-28,70.16565411
2003-03-31,11.515
2003-04-30,14.445
2003-05-31,15.7225
2003-06-30,5.9475
2003-07-31,4.8975
2003-08-31,2.9325
2003-09-30,2.635
2003-10-31,0.0
2003-11-30,0.0
2003-12-31,0.0
2004-01-31,0.0
2004-02-29,0.0
2004-03-31,0.0
2004-04-30,0.0
2004-05-31,0.0
2004-06-30,0.0
2004-07-31,0.0
2004-08-31,0.0
2004-09-30,0.0
2004-10-31,0.0
2004-11-30,0.0
2004-12-31,0.0
2005-01-31,0.0
2005-02-28,0.0
2005-03-31,0.0
2005-04-30,0.0
2005-05-31,0.0
2005-06-30,0.0
2005-07-31,0.0
2005-08-31,0.0
2005-09-30,0.0
2005-10-31,0.0
2005-11-30,0.0
2005-12-31,0.0
2006-01-31,0.0
2006-02-28,0.0
2006-03-31,0.0
2006-04-30,0.0
2006-05-31,0.0
2006-06-30,0.0
2006-07-31,0.0
2006-08-31,0.0
2006-09-30,0.0
2006-10-31,0.0
2006-11-30,0.0
2006-12-31,0.0
2007-01-31,0.0
2007-02-28,0.0
2007-03-31,0.0
2007-04-30,0.0
2007-05-31,0.0
2007-06-30,0.0
2007-07-31,0.0
2007-08-31,0.0
2007-09-30,0.0
2007-10-31,0.0
2007-11-30,0.0
2007-12-31,0.0
2008-01-31,0.0
2008-02-29,0.0
2008-03-31,0.0
2008-04-30,0.0
2008-05-31,0.0
2008-06-30,0.0
2008-07-31,0.0
2008-08-31,0.0
2008-09-30,0.0
2008-10-31,0.0
2008-11-30,0.0
2008-12-31,0.0
2009-01-31,0.0
2009-02-28,0.0
2009-03-31,0.0
2009-04-30,0.0
2009-05-31,0.0
2009-06-30,0.0
2009-07-31,0.0
2009-08-31,0.0
2009-09-30,0.0
2009-10-31,0.0
2009-11-30,0.0
2009-12-31,0.0
2010-01-31,0.0
2010-02-28,0.0
2010-03-31,0.0
2010-04-30,0.0
2010-05-31,0.0
2010-06-30,0.0
2010-07-31,0.0
2010-08-31,0.0
2010-09-30,0.0
2010-10-31,0.0
2010-11-30,0.0
2010-12-31,0.0
2011-01-31,0.0
2011-02-28,0.0
2011-03-31,0.0
2011-04-30,0.0
2011-05-31,0.0
2011-06-30,0.0
2011-07-31,0.0
2011-08-31,0.0
2011-09-30,0.0
2011-10-31,0.0
2011-11-30,0.0
2011-12-31,0.0
2012-01-31,0.0
2012-02-29,0.0
2012-03-31,0.0
2012-04-30,0.0
2012-05-31,0.0
2012-06-30,0.0
2012-07-31,0.0
2012-08-31,0.0
2012-09-30,0.0
2012-10-31,0.0
2012-11-30,0.0
2012-12-31,0.0
2013-01-31,0.0
2013-02-28,0.0
2013-03-31,0.0
2013-04-30,0.0
2013-05-31,0.0
2013-06-30,0.0
2013-07-31,0.0
2013-08-31,0.0
2013-09-30,0.0
2013-10-31,0.0
2013-11-30,0.0
2013-12-31,0.0
2014-01-31,0.0
2014-02-28,0.0
2014-03-31,0.0
2014-04-30,0.0
2014-05-31,0.0
2014-06-30,0.0
2014-07-31,0.0
2014-08-31,0.0
2014-09-30,0.0
2014-10-31,0.0
2014-11-30,0.0
2014-12-31,0.0
2015-01-31,0.0
2015-02-28,0.0
2015-03-31,0.0
2015-04-30,0.0
2015-05-31,0.0
2015-06-30,0.0
2015-07-31,0.0
2015-08-31,0.0
2015-09-30,0.0
