date,kaf
31.10.1921,0.313908302
30.11.1921,0.24185292
31.12.1921,0.177884264
31.01.1922,0.16742852
28.02.1922,0.182752472
31.03.1922,0.208780217
30.04.1922,0.278491468
31.05.1922,0.413882938
30.06.1922,0.501392555
31.07.1922,0.577677398
31.08.1922,0.476729096
30.09.1922,0.45919744
31.10.1922,0.313908302
30.11.1922,0.24185292
31.12.1922,0.177884264
31.01.1923,0.16742852
28.02.1923,0.182752472
31.03.1923,0.208780217
30.04.1923,0.278491468
31.05.1923,0.413882938
30.06.1923,0.501392555
31.07.1923,0.577677398
31.08.1923,0.476729096
30.09.1923,0.45919744
31.10.1923,0.313908302
30.11.1923,0.24185292
31.12.1923,0.177884264
31.01.1924,0.16742852
29.02.1924,0.176450662
31.03.1924,0.208780217
30.04.1924,0.278491468
31.05.1924,0.413882938
30.06.1924,0.501392555
31.07.1924,0.577677398
31.08.1924,0.476729096
30.09.1924,0.45919744
31.10.1924,0.313908302
30.11.1924,0.24185292
31.12.1924,0.177884264
31.01.1925,0.16742852
28.02.1925,0.182752472
31.03.1925,0.208780217
30.04.1925,0.278491468
31.05.1925,0.413882938
30.06.1925,0.501392555
31.07.1925,0.577677398
31.08.1925,0.476729096
30.09.1925,0.45919744
31.10.1925,0.313908302
30.11.1925,0.24185292
31.12.1925,0.177884264
31.01.1926,0.16742852
28.02.1926,0.182752472
31.03.1926,0.208780217
30.04.1926,0.278491468
31.05.1926,0.413882938
30.06.1926,0.501392555
31.07.1926,0.577677398
31.08.1926,0.476729096
30.09.1926,0.45919744
31.10.1926,0.313908302
30.11.1926,0.24185292
31.12.1926,0.177884264
31.01.1927,0.16742852
28.02.1927,0.182752472
31.03.1927,0.208780217
30.04.1927,0.278491468
31.05.1927,0.413882938
30.06.1927,0.501392555
31.07.1927,0.577677398
31.08.1927,0.476729096
30.09.1927,0.45919744
31.10.1927,0.313908302
30.11.1927,0.24185292
31.12.1927,0.177884264
31.01.1928,0.16742852
29.02.1928,0.176450662
31.03.1928,0.208780217
30.04.1928,0.278491468
31.05.1928,0.413882938
30.06.1928,0.501392555
31.07.1928,0.577677398
31.08.1928,0.476729096
30.09.1928,0.45919744
31.10.1928,0.313908302
30.11.1928,0.24185292
31.12.1928,0.177884264
31.01.1929,0.16742852
28.02.1929,0.182752472
31.03.1929,0.208780217
30.04.1929,0.278491468
31.05.1929,0.413882938
30.06.1929,0.501392555
31.07.1929,0.577677398
31.08.1929,0.476729096
30.09.1929,0.45919744
31.10.1929,0.313908302
30.11.1929,0.24185292
31.12.1929,0.177884264
31.01.1930,0.16742852
28.02.1930,0.182752472
31.03.1930,0.208780217
30.04.1930,0.278491468
31.05.1930,0.413882938
30.06.1930,0.501392555
31.07.1930,0.577677398
31.08.1930,0.476729096
30.09.1930,0.45919744
31.10.1930,0.313908302
30.11.1930,0.24185292
31.12.1930,0.177884264
31.01.1931,0.16742852
28.02.1931,0.182752472
31.03.1931,0.208780217
30.04.1931,0.278491468
31.05.1931,0.413882938
30.06.1931,0.501392555
31.07.1931,0.577677398
31.08.1931,0.476729096
30.09.1931,0.45919744
31.10.1931,0.313908302
30.11.1931,0.24185292
31.12.1931,0.177884264
31.01.1932,0.16742852
29.02.1932,0.176450662
31.03.1932,0.208780217
30.04.1932,0.278491468
31.05.1932,0.413882938
30.06.1932,0.501392555
31.07.1932,0.577677398
31.08.1932,0.476729096
30.09.1932,0.45919744
31.10.1932,0.313908302
30.11.1932,0.24185292
31.12.1932,0.177884264
31.01.1933,0.16742852
28.02.1933,0.182752472
31.03.1933,0.208780217
30.04.1933,0.278491468
31.05.1933,0.413882938
30.06.1933,0.501392555
31.07.1933,0.577677398
31.08.1933,0.476729096
30.09.1933,0.45919744
31.10.1933,0.313908302
30.11.1933,0.24185292
31.12.1933,0.177884264
31.01.1934,0.16742852
28.02.1934,0.182752472
31.03.1934,0.208780217
30.04.1934,0.278491468
31.05.1934,0.413882938
30.06.1934,0.501392555
31.07.1934,0.577677398
31.08.1934,0.476729096
30.09.1934,0.45919744
31.10.1934,0.313908302
30.11.1934,0.24185292
31.12.1934,0.177884264
31.01.1935,0.16742852
28.02.1935,0.182752472
31.03.1935,0.208780217
30.04.1935,0.278491468
31.05.1935,0.413882938
30.06.1935,0.501392555
31.07.1935,0.577677398
31.08.1935,0.476729096
30.09.1935,0.45919744
31.10.1935,0.313908302
30.11.1935,0.24185292
31.12.1935,0.177884264
31.01.1936,0.16742852
29.02.1936,0.176450662
31.03.1936,0.208780217
30.04.1936,0.278491468
31.05.1936,0.413882938
30.06.1936,0.501392555
31.07.1936,0.577677398
31.08.1936,0.476729096
30.09.1936,0.45919744
31.10.1936,0.313908302
30.11.1936,0.24185292
31.12.1936,0.177884264
31.01.1937,0.16742852
28.02.1937,0.182752472
31.03.1937,0.208780217
30.04.1937,0.278491468
31.05.1937,0.413882938
30.06.1937,0.501392555
31.07.1937,0.577677398
31.08.1937,0.476729096
30.09.1937,0.45919744
31.10.1937,0.313908302
30.11.1937,0.24185292
31.12.1937,0.177884264
31.01.1938,0.16742852
28.02.1938,0.182752472
31.03.1938,0.208780217
30.04.1938,0.278491468
31.05.1938,0.413882938
30.06.1938,0.501392555
31.07.1938,0.577677398
31.08.1938,0.476729096
30.09.1938,0.45919744
31.10.1938,0.313908302
30.11.1938,0.24185292
31.12.1938,0.177884264
31.01.1939,0.16742852
28.02.1939,0.182752472
31.03.1939,0.208780217
30.04.1939,0.278491468
31.05.1939,0.413882938
30.06.1939,0.501392555
31.07.1939,0.577677398
31.08.1939,0.476729096
30.09.1939,0.45919744
31.10.1939,0.313908302
30.11.1939,0.24185292
31.12.1939,0.177884264
31.01.1940,0.16742852
29.02.1940,0.176450662
31.03.1940,0.208780217
30.04.1940,0.278491468
31.05.1940,0.413882938
30.06.1940,0.501392555
31.07.1940,0.577677398
31.08.1940,0.476729096
30.09.1940,0.45919744
31.10.1940,0.313908302
30.11.1940,0.24185292
31.12.1940,0.177884264
31.01.1941,0.16742852
28.02.1941,0.182752472
31.03.1941,0.208780217
30.04.1941,0.278491468
31.05.1941,0.413882938
30.06.1941,0.501392555
31.07.1941,0.577677398
31.08.1941,0.476729096
30.09.1941,0.45919744
31.10.1941,0.313908302
30.11.1941,0.24185292
31.12.1941,0.177884264
31.01.1942,0.16742852
28.02.1942,0.182752472
31.03.1942,0.208780217
30.04.1942,0.278491468
31.05.1942,0.413882938
30.06.1942,0.501392555
31.07.1942,0.577677398
31.08.1942,0.476729096
30.09.1942,0.45919744
31.10.1942,0.313908302
30.11.1942,0.24185292
31.12.1942,0.177884264
31.01.1943,0.16742852
28.02.1943,0.182752472
31.03.1943,0.208780217
30.04.1943,0.278491468
31.05.1943,0.413882938
30.06.1943,0.501392555
31.07.1943,0.577677398
31.08.1943,0.476729096
30.09.1943,0.45919744
31.10.1943,0.313908302
30.11.1943,0.24185292
31.12.1943,0.177884264
31.01.1944,0.16742852
29.02.1944,0.176450662
31.03.1944,0.208780217
30.04.1944,0.278491468
31.05.1944,0.413882938
30.06.1944,0.501392555
31.07.1944,0.577677398
31.08.1944,0.476729096
30.09.1944,0.45919744
31.10.1944,0.313908302
30.11.1944,0.24185292
31.12.1944,0.177884264
31.01.1945,0.16742852
28.02.1945,0.182752472
31.03.1945,0.208780217
30.04.1945,0.278491468
31.05.1945,0.413882938
30.06.1945,0.501392555
31.07.1945,0.577677398
31.08.1945,0.476729096
30.09.1945,0.45919744
31.10.1945,0.313908302
30.11.1945,0.24185292
31.12.1945,0.177884264
31.01.1946,0.16742852
28.02.1946,0.182752472
31.03.1946,0.208780217
30.04.1946,0.278491468
31.05.1946,0.413882938
30.06.1946,0.501392555
31.07.1946,0.577677398
31.08.1946,0.476729096
30.09.1946,0.45919744
31.10.1946,0.313908302
30.11.1946,0.24185292
31.12.1946,0.177884264
31.01.1947,0.16742852
28.02.1947,0.182752472
31.03.1947,0.208780217
30.04.1947,0.278491468
31.05.1947,0.413882938
30.06.1947,0.501392555
31.07.1947,0.577677398
31.08.1947,0.476729096
30.09.1947,0.45919744
31.10.1947,0.313908302
30.11.1947,0.24185292
31.12.1947,0.177884264
31.01.1948,0.16742852
29.02.1948,0.176450662
31.03.1948,0.208780217
30.04.1948,0.278491468
31.05.1948,0.413882938
30.06.1948,0.501392555
31.07.1948,0.577677398
31.08.1948,0.476729096
30.09.1948,0.45919744
31.10.1948,0.313908302
30.11.1948,0.24185292
31.12.1948,0.177884264
31.01.1949,0.16742852
28.02.1949,0.182752472
31.03.1949,0.208780217
30.04.1949,0.278491468
31.05.1949,0.413882938
30.06.1949,0.501392555
31.07.1949,0.577677398
31.08.1949,0.476729096
30.09.1949,0.45919744
31.10.1949,0.313908302
30.11.1949,0.24185292
31.12.1949,0.177884264
31.01.1950,0.16742852
28.02.1950,0.182752472
31.03.1950,0.208780217
30.04.1950,0.278491468
31.05.1950,0.413882938
30.06.1950,0.501392555
31.07.1950,0.577677398
31.08.1950,0.476729096
30.09.1950,0.45919744
31.10.1950,0.313908302
30.11.1950,0.24185292
31.12.1950,0.177884264
31.01.1951,0.16742852
28.02.1951,0.182752472
31.03.1951,0.208780217
30.04.1951,0.278491468
31.05.1951,0.413882938
30.06.1951,0.501392555
31.07.1951,0.577677398
31.08.1951,0.476729096
30.09.1951,0.45919744
31.10.1951,0.313908302
30.11.1951,0.24185292
31.12.1951,0.177884264
31.01.1952,0.16742852
29.02.1952,0.176450662
31.03.1952,0.208780217
30.04.1952,0.278491468
31.05.1952,0.413882938
30.06.1952,0.501392555
31.07.1952,0.577677398
31.08.1952,0.476729096
30.09.1952,0.45919744
31.10.1952,0.313908302
30.11.1952,0.24185292
31.12.1952,0.177884264
31.01.1953,0.16742852
28.02.1953,0.182752472
31.03.1953,0.208780217
30.04.1953,0.278491468
31.05.1953,0.413882938
30.06.1953,0.501392555
31.07.1953,0.577677398
31.08.1953,0.476729096
30.09.1953,0.45919744
31.10.1953,0.313908302
30.11.1953,0.24185292
31.12.1953,0.177884264
31.01.1954,0.16742852
28.02.1954,0.182752472
31.03.1954,0.208780217
30.04.1954,0.278491468
31.05.1954,0.413882938
30.06.1954,0.501392555
31.07.1954,0.577677398
31.08.1954,0.476729096
30.09.1954,0.45919744
31.10.1954,0.313908302
30.11.1954,0.24185292
31.12.1954,0.177884264
31.01.1955,0.16742852
28.02.1955,0.182752472
31.03.1955,0.208780217
30.04.1955,0.278491468
31.05.1955,0.413882938
30.06.1955,0.501392555
31.07.1955,0.577677398
31.08.1955,0.476729096
30.09.1955,0.45919744
31.10.1955,0.313908302
30.11.1955,0.24185292
31.12.1955,0.177884264
31.01.1956,0.16742852
29.02.1956,0.176450662
31.03.1956,0.208780217
30.04.1956,0.278491468
31.05.1956,0.413882938
30.06.1956,0.501392555
31.07.1956,0.577677398
31.08.1956,0.476729096
30.09.1956,0.45919744
31.10.1956,0.313908302
30.11.1956,0.24185292
31.12.1956,0.177884264
31.01.1957,0.16742852
28.02.1957,0.182752472
31.03.1957,0.208780217
30.04.1957,0.278491468
31.05.1957,0.413882938
30.06.1957,0.501392555
31.07.1957,0.577677398
31.08.1957,0.476729096
30.09.1957,0.45919744
31.10.1957,0.313908302
30.11.1957,0.24185292
31.12.1957,0.177884264
31.01.1958,0.16742852
28.02.1958,0.182752472
31.03.1958,0.208780217
30.04.1958,0.278491468
31.05.1958,0.413882938
30.06.1958,0.501392555
31.07.1958,0.577677398
31.08.1958,0.476729096
30.09.1958,0.45919744
31.10.1958,0.313908302
30.11.1958,0.24185292
31.12.1958,0.177884264
31.01.1959,0.16742852
28.02.1959,0.182752472
31.03.1959,0.208780217
30.04.1959,0.278491468
31.05.1959,0.413882938
30.06.1959,0.501392555
31.07.1959,0.577677398
31.08.1959,0.476729096
30.09.1959,0.45919744
31.10.1959,0.313908302
30.11.1959,0.24185292
31.12.1959,0.177884264
31.01.1960,0.16742852
29.02.1960,0.176450662
31.03.1960,0.208780217
30.04.1960,0.278491468
31.05.1960,0.413882938
30.06.1960,0.501392555
31.07.1960,0.577677398
31.08.1960,0.476729096
30.09.1960,0.45919744
31.10.1960,0.313908302
30.11.1960,0.24185292
31.12.1960,0.177884264
31.01.1961,0.16742852
28.02.1961,0.182752472
31.03.1961,0.208780217
30.04.1961,0.278491468
31.05.1961,0.413882938
30.06.1961,0.501392555
31.07.1961,0.577677398
31.08.1961,0.476729096
30.09.1961,0.45919744
31.10.1961,0.313908302
30.11.1961,0.24185292
31.12.1961,0.177884264
31.01.1962,0.16742852
28.02.1962,0.182752472
31.03.1962,0.208780217
30.04.1962,0.278491468
31.05.1962,0.413882938
30.06.1962,0.501392555
31.07.1962,0.577677398
31.08.1962,0.476729096
30.09.1962,0.45919744
31.10.1962,0.313908302
30.11.1962,0.24185292
31.12.1962,0.177884264
31.01.1963,0.16742852
28.02.1963,0.182752472
31.03.1963,0.208780217
30.04.1963,0.278491468
31.05.1963,0.413882938
30.06.1963,0.501392555
31.07.1963,0.577677398
31.08.1963,0.476729096
30.09.1963,0.45919744
31.10.1963,0.313908302
30.11.1963,0.24185292
31.12.1963,0.177884264
31.01.1964,0.16742852
29.02.1964,0.176450662
31.03.1964,0.208780217
30.04.1964,0.278491468
31.05.1964,0.413882938
30.06.1964,0.501392555
31.07.1964,0.577677398
31.08.1964,0.476729096
30.09.1964,0.45919744
31.10.1964,0.313908302
30.11.1964,0.24185292
31.12.1964,0.177884264
31.01.1965,0.16742852
28.02.1965,0.182752472
31.03.1965,0.208780217
30.04.1965,0.278491468
31.05.1965,0.413882938
30.06.1965,0.501392555
31.07.1965,0.577677398
31.08.1965,0.476729096
30.09.1965,0.45919744
31.10.1965,0.313908302
30.11.1965,0.24185292
31.12.1965,0.177884264
31.01.1966,0.16742852
28.02.1966,0.182752472
31.03.1966,0.208780217
30.04.1966,0.278491468
31.05.1966,0.413882938
30.06.1966,0.501392555
31.07.1966,0.577677398
31.08.1966,0.476729096
30.09.1966,0.45919744
31.10.1966,0.313908302
30.11.1966,0.24185292
31.12.1966,0.177884264
31.01.1967,0.16742852
28.02.1967,0.182752472
31.03.1967,0.208780217
30.04.1967,0.278491468
31.05.1967,0.413882938
30.06.1967,0.501392555
31.07.1967,0.577677398
31.08.1967,0.476729096
30.09.1967,0.45919744
31.10.1967,0.313908302
30.11.1967,0.24185292
31.12.1967,0.177884264
31.01.1968,0.16742852
29.02.1968,0.176450662
31.03.1968,0.208780217
30.04.1968,0.278491468
31.05.1968,0.413882938
30.06.1968,0.501392555
31.07.1968,0.577677398
31.08.1968,0.476729096
30.09.1968,0.45919744
31.10.1968,0.313908302
30.11.1968,0.24185292
31.12.1968,0.177884264
31.01.1969,0.16742852
28.02.1969,0.182752472
31.03.1969,0.208780217
30.04.1969,0.278491468
31.05.1969,0.413882938
30.06.1969,0.501392555
31.07.1969,0.577677398
31.08.1969,0.476729096
30.09.1969,0.45919744
31.10.1969,0.313908302
30.11.1969,0.24185292
31.12.1969,0.177884264
31.01.1970,0.16742852
28.02.1970,0.182752472
31.03.1970,0.208780217
30.04.1970,0.278491468
31.05.1970,0.413882938
30.06.1970,0.501392555
31.07.1970,0.577677398
31.08.1970,0.476729096
30.09.1970,0.45919744
31.10.1970,0.313908302
30.11.1970,0.24185292
31.12.1970,0.177884264
31.01.1971,0.16742852
28.02.1971,0.182752472
31.03.1971,0.208780217
30.04.1971,0.278491468
31.05.1971,0.413882938
30.06.1971,0.501392555
31.07.1971,0.577677398
31.08.1971,0.476729096
30.09.1971,0.45919744
31.10.1971,0.313908302
30.11.1971,0.24185292
31.12.1971,0.177884264
31.01.1972,0.16742852
29.02.1972,0.176450662
31.03.1972,0.208780217
30.04.1972,0.278491468
31.05.1972,0.413882938
30.06.1972,0.501392555
31.07.1972,0.577677398
31.08.1972,0.476729096
30.09.1972,0.45919744
31.10.1972,0.313908302
30.11.1972,0.24185292
31.12.1972,0.177884264
31.01.1973,0.16742852
28.02.1973,0.182752472
31.03.1973,0.208780217
30.04.1973,0.278491468
31.05.1973,0.413882938
30.06.1973,0.501392555
31.07.1973,0.577677398
31.08.1973,0.476729096
30.09.1973,0.45919744
31.10.1973,0.313908302
30.11.1973,0.24185292
31.12.1973,0.177884264
31.01.1974,0.16742852
28.02.1974,0.182752472
31.03.1974,0.208780217
30.04.1974,0.278491468
31.05.1974,0.413882938
30.06.1974,0.501392555
31.07.1974,0.577677398
31.08.1974,0.476729096
30.09.1974,0.45919744
31.10.1974,0.313908302
30.11.1974,0.24185292
31.12.1974,0.177884264
31.01.1975,0.16742852
28.02.1975,0.182752472
31.03.1975,0.208780217
30.04.1975,0.278491468
31.05.1975,0.413882938
30.06.1975,0.501392555
31.07.1975,0.577677398
31.08.1975,0.476729096
30.09.1975,0.45919744
31.10.1975,0.313908302
30.11.1975,0.24185292
31.12.1975,0.177884264
31.01.1976,0.16742852
29.02.1976,0.176450662
31.03.1976,0.208780217
30.04.1976,0.278491468
31.05.1976,0.413882938
30.06.1976,0.501392555
31.07.1976,0.577677398
31.08.1976,0.476729096
30.09.1976,0.45919744
31.10.1976,0.313908302
30.11.1976,0.24185292
31.12.1976,0.177884264
31.01.1977,0.16742852
28.02.1977,0.182752472
31.03.1977,0.208780217
30.04.1977,0.278491468
31.05.1977,0.413882938
30.06.1977,0.501392555
31.07.1977,0.577677398
31.08.1977,0.476729096
30.09.1977,0.45919744
31.10.1977,0.313908302
30.11.1977,0.24185292
31.12.1977,0.177884264
31.01.1978,0.16742852
28.02.1978,0.182752472
31.03.1978,0.208780217
30.04.1978,0.278491468
31.05.1978,0.413882938
30.06.1978,0.501392555
31.07.1978,0.577677398
31.08.1978,0.476729096
30.09.1978,0.45919744
31.10.1978,0.313908302
30.11.1978,0.24185292
31.12.1978,0.177884264
31.01.1979,0.16742852
28.02.1979,0.182752472
31.03.1979,0.208780217
30.04.1979,0.278491468
31.05.1979,0.413882938
30.06.1979,0.501392555
31.07.1979,0.577677398
31.08.1979,0.476729096
30.09.1979,0.45919744
31.10.1979,0.313908302
30.11.1979,0.24185292
31.12.1979,0.177884264
31.01.1980,0.16742852
29.02.1980,0.176450662
31.03.1980,0.208780217
30.04.1980,0.278491468
31.05.1980,0.413882938
30.06.1980,0.501392555
31.07.1980,0.577677398
31.08.1980,0.476729096
30.09.1980,0.45919744
31.10.1980,0.313908302
30.11.1980,0.24185292
31.12.1980,0.177884264
31.01.1981,0.16742852
28.02.1981,0.182752472
31.03.1981,0.208780217
30.04.1981,0.278491468
31.05.1981,0.413882938
30.06.1981,0.501392555
31.07.1981,0.577677398
31.08.1981,0.476729096
30.09.1981,0.45919744
31.10.1981,0.313908302
30.11.1981,0.24185292
31.12.1981,0.177884264
31.01.1982,0.16742852
28.02.1982,0.182752472
31.03.1982,0.208780217
30.04.1982,0.278491468
31.05.1982,0.413882938
30.06.1982,0.501392555
31.07.1982,0.577677398
31.08.1982,0.476729096
30.09.1982,0.45919744
31.10.1982,0.313908302
30.11.1982,0.24185292
31.12.1982,0.177884264
31.01.1983,0.16742852
28.02.1983,0.182752472
31.03.1983,0.208780217
30.04.1983,0.278491468
31.05.1983,0.413882938
30.06.1983,0.501392555
31.07.1983,0.577677398
31.08.1983,0.476729096
30.09.1983,0.45919744
31.10.1983,0.313908302
30.11.1983,0.24185292
31.12.1983,0.177884264
31.01.1984,0.16742852
29.02.1984,0.176450662
31.03.1984,0.208780217
30.04.1984,0.278491468
31.05.1984,0.413882938
30.06.1984,0.501392555
31.07.1984,0.577677398
31.08.1984,0.476729096
30.09.1984,0.45919744
31.10.1984,0.313908302
30.11.1984,0.24185292
31.12.1984,0.177884264
31.01.1985,0.16742852
28.02.1985,0.182752472
31.03.1985,0.208780217
30.04.1985,0.278491468
31.05.1985,0.413882938
30.06.1985,0.501392555
31.07.1985,0.577677398
31.08.1985,0.476729096
30.09.1985,0.45919744
31.10.1985,0.313908302
30.11.1985,0.24185292
31.12.1985,0.177884264
31.01.1986,0.16742852
28.02.1986,0.182752472
31.03.1986,0.208780217
30.04.1986,0.278491468
31.05.1986,0.413882938
30.06.1986,0.501392555
31.07.1986,0.577677398
31.08.1986,0.476729096
30.09.1986,0.45919744
31.10.1986,0.313908302
30.11.1986,0.24185292
31.12.1986,0.177884264
31.01.1987,0.16742852
28.02.1987,0.182752472
31.03.1987,0.208780217
30.04.1987,0.278491468
31.05.1987,0.413882938
30.06.1987,0.501392555
31.07.1987,0.577677398
31.08.1987,0.476729096
30.09.1987,0.45919744
31.10.1987,0.313908302
30.11.1987,0.24185292
31.12.1987,0.177884264
31.01.1988,0.16742852
29.02.1988,0.176450662
31.03.1988,0.208780217
30.04.1988,0.278491468
31.05.1988,0.413882938
30.06.1988,0.501392555
31.07.1988,0.577677398
31.08.1988,0.476729096
30.09.1988,0.45919744
31.10.1988,0.313908302
30.11.1988,0.24185292
31.12.1988,0.177884264
31.01.1989,0.16742852
28.02.1989,0.182752472
31.03.1989,0.208780217
30.04.1989,0.278491468
31.05.1989,0.413882938
30.06.1989,0.501392555
31.07.1989,0.577677398
31.08.1989,0.476729096
30.09.1989,0.45919744
31.10.1989,0.313908302
30.11.1989,0.24185292
31.12.1989,0.177884264
31.01.1990,0.16742852
28.02.1990,0.182752472
31.03.1990,0.208780217
30.04.1990,0.278491468
31.05.1990,0.413882938
30.06.1990,0.501392555
31.07.1990,0.577677398
31.08.1990,0.476729096
30.09.1990,0.45919744
31.10.1990,0.313908302
30.11.1990,0.24185292
31.12.1990,0.177884264
31.01.1991,0.16742852
28.02.1991,0.182752472
31.03.1991,0.208780217
30.04.1991,0.278491468
31.05.1991,0.413882938
30.06.1991,0.501392555
31.07.1991,0.577677398
31.08.1991,0.476729096
30.09.1991,0.45919744
31.10.1991,0.313908302
30.11.1991,0.24185292
31.12.1991,0.177884264
31.01.1992,0.16742852
29.02.1992,0.176450662
31.03.1992,0.208780217
30.04.1992,0.278491468
31.05.1992,0.413882938
30.06.1992,0.501392555
31.07.1992,0.577677398
31.08.1992,0.476729096
30.09.1992,0.45919744
31.10.1992,0.313908302
30.11.1992,0.24185292
31.12.1992,0.177884264
31.01.1993,0.16742852
28.02.1993,0.182752472
31.03.1993,0.208780217
30.04.1993,0.278491468
31.05.1993,0.413882938
30.06.1993,0.501392555
31.07.1993,0.577677398
31.08.1993,0.476729096
30.09.1993,0.45919744
31.10.1993,0.313908302
30.11.1993,0.24185292
31.12.1993,0.177884264
31.01.1994,0.16742852
28.02.1994,0.182752472
31.03.1994,0.208780217
30.04.1994,0.278491468
31.05.1994,0.413882938
30.06.1994,0.501392555
31.07.1994,0.577677398
31.08.1994,0.476729096
30.09.1994,0.45919744
31.10.1994,0.313908302
30.11.1994,0.24185292
31.12.1994,0.177884264
31.01.1995,0.16742852
28.02.1995,0.182752472
31.03.1995,0.208780217
30.04.1995,0.278491468
31.05.1995,0.413882938
30.06.1995,0.501392555
31.07.1995,0.577677398
31.08.1995,0.476729096
30.09.1995,0.45919744
31.10.1995,0.313908302
30.11.1995,0.24185292
31.12.1995,0.177884264
31.01.1996,0.16742852
29.02.1996,0.176450662
31.03.1996,0.208780217
30.04.1996,0.278491468
31.05.1996,0.413882938
30.06.1996,0.501392555
31.07.1996,0.577677398
31.08.1996,0.476729096
30.09.1996,0.45919744
31.10.1996,0.313908302
30.11.1996,0.24185292
31.12.1996,0.177884264
31.01.1997,0.16742852
28.02.1997,0.182752472
31.03.1997,0.208780217
30.04.1997,0.278491468
31.05.1997,0.413882938
30.06.1997,0.501392555
31.07.1997,0.577677398
31.08.1997,0.476729096
30.09.1997,0.45919744
31.10.1997,0.313908302
30.11.1997,0.24185292
31.12.1997,0.177884264
31.01.1998,0.16742852
28.02.1998,0.182752472
31.03.1998,0.208780217
30.04.1998,0.278491468
31.05.1998,0.413882938
30.06.1998,0.501392555
31.07.1998,0.577677398
31.08.1998,0.476729096
30.09.1998,0.45919744
31.10.1998,0.313908302
30.11.1998,0.24185292
31.12.1998,0.177884264
31.01.1999,0.16742852
28.02.1999,0.182752472
31.03.1999,0.208780217
30.04.1999,0.278491468
31.05.1999,0.413882938
30.06.1999,0.501392555
31.07.1999,0.577677398
31.08.1999,0.476729096
30.09.1999,0.45919744
31.10.1999,0.313908302
30.11.1999,0.24185292
31.12.1999,0.177884264
31.01.2000,0.16742852
29.02.2000,0.176450662
31.03.2000,0.208780217
30.04.2000,0.278491468
31.05.2000,0.413882938
30.06.2000,0.501392555
31.07.2000,0.577677398
31.08.2000,0.476729096
30.09.2000,0.45919744
31.10.2000,0.313908302
30.11.2000,0.24185292
31.12.2000,0.177884264
31.01.2001,0.16742852
28.02.2001,0.182752472
31.03.2001,0.208780217
30.04.2001,0.278491468
31.05.2001,0.413882938
30.06.2001,0.501392555
31.07.2001,0.577677398
31.08.2001,0.476729096
30.09.2001,0.45919744
31.10.2001,0.313908302
30.11.2001,0.24185292
31.12.2001,0.177884264
31.01.2002,0.16742852
28.02.2002,0.182752472
31.03.2002,0.208780217
30.04.2002,0.278491468
31.05.2002,0.413882938
30.06.2002,0.501392555
31.07.2002,0.577677398
31.08.2002,0.476729096
30.09.2002,0.45919744
31.10.2002,0.313908302
30.11.2002,0.24185292
31.12.2002,0.177884264
31.01.2003,0.16742852
28.02.2003,0.182752472
31.03.2003,0.208780217
30.04.2003,0.278491468
31.05.2003,0.413882938
30.06.2003,0.501392555
31.07.2003,0.577677398
31.08.2003,0.476729096
30.09.2003,0.45919744
31.10.2003,0.313908302
30.11.2003,0.24185292
31.12.2003,0.177884264
31.01.2004,0.16742852
29.02.2004,0.176450662
31.03.2004,0.208780217
30.04.2004,0.278491468
31.05.2004,0.413882938
30.06.2004,0.501392555
31.07.2004,0.577677398
31.08.2004,0.476729096
30.09.2004,0.45919744
31.10.2004,0.313908302
30.11.2004,0.24185292
31.12.2004,0.177884264
31.01.2005,0.16742852
28.02.2005,0.182752472
31.03.2005,0.208780217
30.04.2005,0.278491468
31.05.2005,0.413882938
30.06.2005,0.501392555
31.07.2005,0.577677398
31.08.2005,0.476729096
30.09.2005,0.45919744
31.10.2005,0.313908302
30.11.2005,0.24185292
31.12.2005,0.177884264
31.01.2006,0.16742852
28.02.2006,0.182752472
31.03.2006,0.208780217
30.04.2006,0.278491468
31.05.2006,0.413882938
30.06.2006,0.501392555
31.07.2006,0.577677398
31.08.2006,0.476729096
30.09.2006,0.45919744
31.10.2006,0.313908302
30.11.2006,0.24185292
31.12.2006,0.177884264
31.01.2007,0.16742852
28.02.2007,0.182752472
31.03.2007,0.208780217
30.04.2007,0.278491468
31.05.2007,0.413882938
30.06.2007,0.501392555
31.07.2007,0.577677398
31.08.2007,0.476729096
30.09.2007,0.45919744
31.10.2007,0.313908302
30.11.2007,0.24185292
31.12.2007,0.177884264
31.01.2008,0.16742852
29.02.2008,0.176450662
31.03.2008,0.208780217
30.04.2008,0.278491468
31.05.2008,0.413882938
30.06.2008,0.501392555
31.07.2008,0.577677398
31.08.2008,0.476729096
30.09.2008,0.45919744
31.10.2008,0.313908302
30.11.2008,0.24185292
31.12.2008,0.177884264
31.01.2009,0.16742852
28.02.2009,0.182752472
31.03.2009,0.208780217
30.04.2009,0.278491468
31.05.2009,0.413882938
30.06.2009,0.501392555
31.07.2009,0.577677398
31.08.2009,0.476729096
30.09.2009,0.45919744
31.10.2009,0.313908242
30.11.2009,0.241848658
31.12.2009,0.177889002
31.01.2010,0.167429057
28.02.2010,0.182748985
31.03.2010,0.208778831
30.04.2010,0.278488458
31.05.2010,0.413887676
30.06.2010,0.501397204
31.07.2010,0.577676743
31.08.2010,0.476727308
30.09.2010,0.45919744
31.10.2010,0.313908242
30.11.2010,0.241848658
31.12.2010,0.177889002
31.01.2011,0.167429057
28.02.2011,0.182748985
31.03.2011,0.208778831
30.04.2011,0.278488458
31.05.2011,0.413887676
30.06.2011,0.501397204
31.07.2011,0.577676743
31.08.2011,0.476727308
30.09.2011,0.45919744
31.10.2011,0.313908242
30.11.2011,0.241848658
31.12.2011,0.177889002
31.01.2012,0.167429057
29.02.2012,0.176447296
31.03.2012,0.208778831
30.04.2012,0.278488458
31.05.2012,0.413887676
30.06.2012,0.501397204
31.07.2012,0.577676743
31.08.2012,0.476727308
30.09.2012,0.45919744
31.10.2012,0.313908242
30.11.2012,0.241848658
31.12.2012,0.177889002
31.01.2013,0.167429057
28.02.2013,0.182748985
31.03.2013,0.208778831
30.04.2013,0.278488458
31.05.2013,0.413887676
30.06.2013,0.501397204
31.07.2013,0.577676743
31.08.2013,0.476727308
30.09.2013,0.45919744
31.10.2013,0.313908242
30.11.2013,0.241848658
31.12.2013,0.177889002
31.01.2014,0.167429057
28.02.2014,0.182748985
31.03.2014,0.208778831
30.04.2014,0.278488458
31.05.2014,0.413887676
30.06.2014,0.501397204
31.07.2014,0.577676743
31.08.2014,0.476727308
30.09.2014,0.45919744
31.10.2014,0.313908242
30.11.2014,0.241848658
31.12.2014,0.177889002
31.01.2015,0.167429057
28.02.2015,0.182748985
31.03.2015,0.208778831
30.04.2015,0.278488458
31.05.2015,0.413887676
30.06.2015,0.501397204
31.07.2015,0.577676743
31.08.2015,0.476727308
30.09.2015,0.45919744